{
  "low_risk": {
    "precision": 0.5194029850746269,
    "recall": 0.38752783964365256,
    "f1-score": 0.44387755102040816,
    "support": 449.0
  },
  "medium_risk": {
    "precision": 0.3948220064724919,
    "recall": 0.5115303983228512,
    "f1-score": 0.445662100456621,
    "support": 477.0
  },
  "high_risk": {
    "precision": 0.4394904458598726,
    "recall": 0.4046920821114369,
    "f1-score": 0.4213740458015267,
    "support": 341.0
  },
  "accuracy": 0.4388318863456985,
  "macro avg": {
    "precision": 0.4512384791356638,
    "recall": 0.4345834400259802,
    "f1-score": 0.43697123242618535,
    "support": 1267.0
  },
  "weighted avg": {
    "precision": 0.4509931171460952,
    "recall": 0.4388318863456985,
    "f1-score": 0.43849281132146184,
    "support": 1267.0
  }
}