method,test_accuracy,test_macro_f1,low_risk_f1,medium_risk_f1,high_risk_f1
BERT argmax,0.47198105761641673,0.4658305530704976,0.5244897959183673,0.4487594390507012,0.42424242424242425
BERT ordinal thresholds,0.43804262036306235,0.436584049043188,0.45185185185185184,0.4392956441149212,0.4186046511627907
BERT ordinal plus rules,0.4388318863456985,0.43697123242618535,0.44387755102040816,0.445662100456621,0.4213740458015267
