{
  "low_risk": {
    "precision": 0.4905335628227194,
    "recall": 0.6347438752783965,
    "f1-score": 0.5533980582524272,
    "support": 449.0
  },
  "medium_risk": {
    "precision": 0.4731934731934732,
    "recall": 0.42557651991614254,
    "f1-score": 0.4481236203090508,
    "support": 477.0
  },
  "high_risk": {
    "precision": 0.490272373540856,
    "recall": 0.36950146627565983,
    "f1-score": 0.4214046822742475,
    "support": 341.0
  },
  "accuracy": 0.4846093133385951,
  "macro avg": {
    "precision": 0.48466646985234957,
    "recall": 0.4766072871567329,
    "f1-score": 0.4743087869452418,
    "support": 1267.0
  },
  "weighted avg": {
    "precision": 0.4839350716638671,
    "recall": 0.4846093133385951,
    "f1-score": 0.4782396935266578,
    "support": 1267.0
  }
}