method,test_accuracy,test_macro_f1,low_risk_f1,medium_risk_f1,high_risk_f1
aggregate_probability_argmax,0.4846093133385951,0.4743087869452418,0.5533980582524272,0.4481236203090508,0.4214046822742475
six_argmax_then_map,0.47671665351223363,0.4685387790843758,0.5442043222003929,0.43507972665148065,0.4263322884012539
ordinal_thresholds,0.46093133385951063,0.46101324457873005,0.5058275058275058,0.4350453172205438,0.44216691068814057
